Variable,Statistic,p-value,Normal
Quantity,0.9304459212578251,5.2757746484393684e-05,False
